Request_ID,Timestamp,Priority,Category
REQ0001,"Tue, 20 Feb 2024 10:28:12 GMT",High,General
REQ0002,"08/02/2024 10:36:10",Medium,General
REQ0003,"2024-01-01T10:32:41",High,Billing
REQ0004,"2024-01-25T10:06:04",High,General
REQ0005,"2024-02-09T11:45:30",High,Billing
REQ0006,"14/02/2024 14:09:59",High,Billing
REQ0007,"20 Mar 2024, 09:00",Medium,Technical
REQ0008,"14 Mar 2024, 18:51",Low,General
REQ0009,"5 Feb 2024, 14:09",Medium,Technical
REQ0010,"1 Feb 2024, 15:57",High,General
REQ0011,"22/02/2024 15:10:48",Low,Technical
REQ0012,"25 Mar 2024, 15:31",Medium,Billing
REQ0013,"2024-02-01T05:47:55",High,Technical
REQ0014,"2024-03-04T15:12:22",Low,Technical
REQ0015,"Mon, 18 Mar 2024 10:44:06 GMT",High,Technical
REQ0016,"2024-01-01T08:22:18",High,General
REQ0017,"Tue, 12 Mar 2024 09:02:17 GMT",Medium,Technical
REQ0018,"14 Mar 2024, 11:53",Low,General
REQ0019,"2024-03-18T19:27:33",Low,General
REQ0020,"26/03/2024 03:31:18",Medium,Billing
REQ0021,"22 Feb 2024, 15:10",High,Technical
REQ0022,"2024-01-17T10:26:06",Medium,Billing
REQ0023,"2024-03-05T06:21:24",High,Technical
REQ0024,"2024-01-04T06:23:00",Medium,General
REQ0025,"30/01/2024 11:15:33",High,Billing
REQ0026,"2024-01-09T08:49:32",High,General
REQ0027,"29 Feb 2024, 11:17",Medium,Technical
REQ0028,"Sat, 20 Jan 2024 22:05:28 GMT",Medium,Technical
REQ0029,"2024-02-01T10:35:21",Low,Technical
REQ0030,"Thu, 07 Mar 2024 09:17:22 GMT",High,Technical
REQ0031,"Fri, 12 Jan 2024 04:13:24 GMT",High,Billing
REQ0032,"Fri, 12 Jan 2024 00:47:50 GMT",Low,General
REQ0033,"Thu, 25 Jan 2024 09:42:52 GMT",Medium,General
REQ0034,"19/02/2024 21:31:54",Low,Billing
REQ0035,"Thu, 21 Mar 2024 12:32:59 GMT",Low,Technical
REQ0036,"2024-01-15T09:18:16",Medium,Technical
REQ0037,"Wed, 20 Mar 2024 09:38:40 GMT",High,Billing
REQ0038,"Mon, 19 Feb 2024 11:15:44 GMT",Low,Billing
REQ0039,"23/02/2024 14:07:42",Low,General
REQ0040,"10 Feb 2024, 21:08",High,General
REQ0041,"31/01/2024 16:19:29",Low,Technical
REQ0042,"10/01/2024 16:22:39",Medium,Billing
REQ0043,"17 Jan 2024, 09:17",Low,General
REQ0044,"16/02/2024 01:48:21",High,General
REQ0045,"Wed, 28 Feb 2024 05:10:22 GMT",Medium,Billing
REQ0046,"16/02/2024 08:08:57",High,Technical
REQ0047,"1 Jan 2024, 15:09",Low,Billing
REQ0048,"2024-01-02T22:36:08",Low,Technical
REQ0049,"Thu, 25 Jan 2024 04:34:30 GMT",Medium,General
REQ0050,"05/02/2024 20:36:32",Low,Billing
REQ0051,"19 Jan 2024, 10:23",High,Technical
REQ0052,"Fri, 15 Mar 2024 00:49:27 GMT",Low,General
REQ0053,"2024-01-01T16:07:07",High,Technical
REQ0054,"23 Jan 2024, 03:41",Medium,Technical
REQ0055,"2024-03-14T06:01:53",Medium,Billing
REQ0056,"2024-01-22T09:02:20",High,General
REQ0057,"2024-02-13T20:56:34",High,Billing
REQ0058,"13 Feb 2024, 16:36",High,General
REQ0059,"12 Feb 2024, 10:15",Low,General
REQ0060,"Thu, 07 Mar 2024 03:31:59 GMT",Medium,General
REQ0061,"Tue, 09 Jan 2024 02:18:57 GMT",Low,General
REQ0062,"Tue, 12 Mar 2024 13:06:31 GMT",Medium,General
REQ0063,"2024-02-12T11:04:31",High,Billing
REQ0064,"2024-02-06T06:11:28",High,General
REQ0065,"2024-01-14T22:00:40",Low,Billing
REQ0066,"Tue, 13 Feb 2024 04:00:37 GMT",High,Technical
REQ0067,"2024-01-27T09:26:12",Medium,Technical
REQ0068,"2024-01-29T20:49:17",Medium,Technical
REQ0069,"2024-02-08T02:08:55",Low,Technical
REQ0070,"2024-03-14T21:57:38",Medium,Technical
REQ0071,"31 Jan 2024, 10:56",Low,General
REQ0072,"2024-03-17T11:11:07",Medium,Technical
REQ0073,"6 Feb 2024, 11:37",Low,Technical
REQ0074,"Thu, 04 Jan 2024 04:04:17 GMT",Medium,General
REQ0075,"Thu, 28 Mar 2024 06:18:45 GMT",High,Billing
REQ0076,"Mon, 05 Feb 2024 16:14:31 GMT",Medium,Technical
REQ0077,"11/03/2024 16:28:40",High,Billing
REQ0078,"Wed, 27 Mar 2024 12:35:55 GMT",High,General
REQ0079,"06/03/2024 11:20:35",High,Technical
REQ0080,"11/02/2024 09:01:15",Medium,General
REQ0081,"25 Jan 2024, 17:00",Medium,Technical
REQ0082,"2024-02-12T06:03:15",Low,Technical
REQ0083,"Tue, 20 Feb 2024 21:21:31 GMT",Medium,General
REQ0084,"6 Feb 2024, 11:03",Medium,Billing
REQ0085,"14 Feb 2024, 11:57",Low,Technical
REQ0086,"Mon, 29 Jan 2024 09:49:52 GMT",High,Technical
REQ0087,"2024-03-01T11:20:39",High,Billing
REQ0088,"Fri, 16 Feb 2024 20:28:16 GMT",High,Billing
REQ0089,"2024-01-15T09:19:34",Low,Technical
REQ0090,"Thu, 25 Jan 2024 15:51:43 GMT",Medium,Technical
REQ0091,"2024-01-25T02:22:45",High,General
REQ0092,"10 Jan 2024, 11:56",Low,Technical
REQ0093,"Fri, 08 Mar 2024 10:42:34 GMT",Low,General
REQ0094,"Mon, 19 Feb 2024 10:55:22 GMT",Low,Billing
REQ0095,"Fri, 02 Feb 2024 09:36:08 GMT",Medium,General
REQ0096,"27/03/2024 15:54:12",Low,Billing
REQ0097,"19/01/2024 00:02:37",Medium,Billing
REQ0098,"2024-03-05T08:50:14",High,Billing
REQ0099,"Fri, 26 Jan 2024 09:15:22 GMT",Medium,General
REQ0100,"Tue, 19 Mar 2024 04:57:43 GMT",Low,Technical
REQ0101,"2024-01-01T06:00:14",Medium,General
REQ0102,"Mon, 29 Jan 2024 16:26:00 GMT",Low,Technical
REQ0103,"Sun, 14 Jan 2024 23:47:32 GMT",Low,Billing
REQ0104,"2024-03-05T10:35:18",Medium,Technical
REQ0105,"2024-01-24T04:16:01",Low,Technical
REQ0106,"Mon, 22 Jan 2024 08:42:45 GMT",Medium,Billing
REQ0107,"Thu, 08 Feb 2024 06:26:24 GMT",High,General
REQ0108,"Mon, 01 Jan 2024 10:54:30 GMT",High,Billing
REQ0109,"10 Jan 2024, 13:25",High,General
REQ0110,"22 Jan 2024, 20:00",Low,General
REQ0111,"Thu, 28 Mar 2024 02:27:56 GMT",High,General
REQ0112,"2024-03-08T09:29:40",Medium,Technical
REQ0113,"2024-01-26T12:07:12",Medium,Billing
REQ0114,"18/01/2024 16:37:06",High,General
REQ0115,"3 Jan 2024, 16:22",Low,Technical
REQ0116,"24/03/2024 10:33:35",High,Technical
REQ0117,"2024-03-15T08:58:26",Low,Technical
REQ0118,"Sun, 21 Jan 2024 18:49:34 GMT",Medium,Billing
REQ0119,"Tue, 09 Jan 2024 12:12:46 GMT",Medium,General
REQ0120,"2024-02-29T15:39:51",Low,Billing
REQ0121,"2024-02-28T05:12:52",Low,Billing
REQ0122,"2024-03-04T05:30:19",Low,Technical
REQ0123,"20 Feb 2024, 07:16",High,General
REQ0124,"25 Mar 2024, 07:03",High,General
REQ0125,"25 Jan 2024, 16:02",High,General
REQ0126,"Mon, 29 Jan 2024 10:37:34 GMT",Medium,Technical
REQ0127,"Tue, 26 Mar 2024 04:03:52 GMT",Medium,Billing
REQ0128,"Thu, 14 Mar 2024 02:40:20 GMT",Medium,Billing
REQ0129,"17/03/2024 06:12:30",Medium,Technical
REQ0130,"Fri, 01 Mar 2024 10:27:02 GMT",High,Billing
REQ0131,"16/01/2024 10:03:23",Low,Billing
REQ0132,"Thu, 04 Jan 2024 11:10:17 GMT",High,Technical
REQ0133,"2024-03-12T15:51:49",High,Billing
REQ0134,"Wed, 17 Jan 2024 03:35:31 GMT",Medium,Billing
REQ0135,"Wed, 21 Feb 2024 04:15:48 GMT",Low,General
REQ0136,"11 Feb 2024, 14:40",Medium,General
REQ0137,"18 Jan 2024, 14:41",High,Billing
REQ0138,"11 Jan 2024, 14:25",High,Billing
REQ0139,"Thu, 28 Mar 2024 05:59:07 GMT",High,Technical
REQ0140,"08/01/2024 09:13:03",High,Billing
REQ0141,"2024-01-19T15:20:07",Medium,Billing
REQ0142,"Tue, 19 Mar 2024 11:14:43 GMT",High,Technical
REQ0143,"2024-02-23T05:41:25",Medium,General
REQ0144,"Tue, 09 Jan 2024 09:37:13 GMT",High,Technical
REQ0145,"2024-01-12T04:23:15",Medium,Technical
REQ0146,"7 Feb 2024, 10:53",High,Billing
REQ0147,"2024-02-04T02:48:53",High,Billing
REQ0148,"15 Jan 2024, 14:09",Medium,Billing
REQ0149,"2024-02-23T09:04:44",Medium,General
REQ0150,"Wed, 27 Mar 2024 09:49:25 GMT",Low,Billing
REQ0151,"22/03/2024 01:23:56",Low,Technical
REQ0152,"Wed, 07 Feb 2024 04:36:52 GMT",Low,Technical
REQ0153,"19 Jan 2024, 00:00",Low,Billing
REQ0154,"19/02/2024 15:25:24",Medium,Billing
REQ0155,"Wed, 31 Jan 2024 09:31:01 GMT",Medium,General
REQ0156,"Thu, 04 Jan 2024 19:26:49 GMT",Medium,Technical
REQ0157,"2024-02-12T05:33:53",High,Billing
REQ0158,"Thu, 29 Feb 2024 04:09:30 GMT",High,Technical
REQ0159,"Thu, 22 Feb 2024 05:05:40 GMT",Low,Billing
REQ0160,"2024-03-20T15:26:34",Medium,Technical
REQ0161,"2024-03-04T08:52:09",Medium,Technical
REQ0162,"Thu, 07 Mar 2024 09:50:10 GMT",Low,Billing
REQ0163,"09/02/2024 10:06:30",Medium,General
REQ0164,"2024-03-22T05:27:03",Medium,Technical
REQ0165,"Sat, 23 Mar 2024 04:57:33 GMT",Low,Billing
REQ0166,"26 Mar 2024, 18:14",Medium,General
REQ0167,"20 Feb 2024, 14:00",Medium,General
REQ0168,"09/02/2024 04:14:14",Medium,Technical
REQ0169,"11 Mar 2024, 14:50",Low,Technical
REQ0170,"Fri, 02 Feb 2024 15:31:42 GMT",Medium,General
REQ0171,"Mon, 05 Feb 2024 15:14:21 GMT",Medium,Technical
REQ0172,"2024-03-01T08:55:46",Medium,Technical
REQ0173,"28/01/2024 20:16:11",Medium,Billing
REQ0174,"2024-01-17T05:35:56",Low,Billing
REQ0175,"27 Feb 2024, 15:02",Low,Technical
REQ0176,"28/03/2024 09:18:32",Low,General
REQ0177,"2024-02-14T09:16:12",Medium,Billing
REQ0178,"2024-03-29T09:10:35",Low,General
REQ0179,"29 Feb 2024, 16:29",High,Technical
REQ0180,"Tue, 20 Feb 2024 05:53:28 GMT",Medium,Billing
REQ0181,"01/02/2024 16:58:54",Low,General
REQ0182,"04/03/2024 10:56:33",Medium,Technical
REQ0183,"04/03/2024 11:22:18",Low,Billing
REQ0184,"5 Jan 2024, 23:37",Low,Billing
REQ0185,"2024-02-01T04:53:12",Low,General
REQ0186,"2024-02-06T11:24:42",Low,General
REQ0187,"22 Feb 2024, 15:14",Low,General
REQ0188,"Thu, 14 Mar 2024 04:24:50 GMT",Medium,Billing
REQ0189,"2024-03-24T23:35:29",High,General
REQ0190,"Wed, 13 Mar 2024 05:37:25 GMT",High,General
REQ0191,"07/03/2024 11:10:35",High,General
REQ0192,"2024-03-20T04:01:03",Low,General
REQ0193,"Tue, 27 Feb 2024 03:56:25 GMT",Low,Billing
REQ0194,"2024-03-15T08:46:36",Low,Technical
REQ0195,"Wed, 27 Mar 2024 08:58:29 GMT",Low,Technical
REQ0196,"22/02/2024 23:14:43",Low,Technical
REQ0197,"Fri, 12 Jan 2024 00:20:53 GMT",Low,Technical
REQ0198,"2024-01-08T03:49:47",High,General
REQ0199,"Fri, 29 Mar 2024 09:39:35 GMT",High,General
REQ0200,"24/02/2024 02:32:39",Medium,General
REQ0201,"Wed, 31 Jan 2024 10:52:40 GMT",Low,Technical
REQ0202,"Tue, 30 Jan 2024 08:47:21 GMT",High,Billing
REQ0203,"Thu, 18 Jan 2024 16:47:10 GMT",High,Technical
REQ0204,"Wed, 27 Mar 2024 10:31:41 GMT",Medium,General
REQ0205,"2024-03-03T10:00:51",Medium,Billing
REQ0206,"2024-02-28T20:02:47",Low,Billing
REQ0207,"28 Mar 2024, 14:41",Medium,Billing
REQ0208,"2024-02-22T09:22:04",Low,General
REQ0209,"Fri, 05 Jan 2024 06:27:07 GMT",Medium,General
REQ0210,"16/01/2024 16:43:54",High,Billing
REQ0211,"20/03/2024 11:47:27",Low,Billing
REQ0212,"2024-02-27T10:16:33",High,Billing
REQ0213,"28/02/2024 09:41:51",Medium,Billing
REQ0214,"Wed, 06 Mar 2024 05:44:21 GMT",Medium,Technical
REQ0215,"Sat, 24 Feb 2024 05:35:09 GMT",High,General
REQ0216,"Tue, 02 Jan 2024 10:40:03 GMT",Medium,Technical
REQ0217,"11/01/2024 20:33:16",Low,Billing
REQ0218,"2024-01-26T08:34:49",High,Technical
REQ0219,"24 Jan 2024, 15:21",Low,Billing
REQ0220,"Tue, 23 Jan 2024 09:03:14 GMT",Medium,General
REQ0221,"Fri, 12 Jan 2024 05:47:45 GMT",Low,Technical
REQ0222,"Tue, 13 Feb 2024 06:46:46 GMT",Low,Billing
REQ0223,"22 Feb 2024, 09:17",High,Technical
REQ0224,"23 Jan 2024, 15:57",High,Technical
REQ0225,"2024-01-09T04:11:20",High,Technical
REQ0226,"2024-01-22T04:47:22",Low,General
REQ0227,"02/01/2024 11:55:03",High,Billing
REQ0228,"Thu, 11 Jan 2024 11:27:00 GMT",Medium,General
REQ0229,"31/01/2024 09:51:45",Low,Billing
REQ0230,"Wed, 13 Mar 2024 05:39:09 GMT",High,Technical
REQ0231,"Thu, 15 Feb 2024 10:13:28 GMT",Medium,General
REQ0232,"19 Feb 2024, 12:58",Medium,Technical
REQ0233,"Fri, 26 Jan 2024 07:33:22 GMT",Low,Technical
REQ0234,"2024-02-04T05:36:27",High,General
REQ0235,"2 Jan 2024, 14:23",Medium,Technical
REQ0236,"12/01/2024 04:39:56",High,General
REQ0237,"2024-01-29T12:49:31",High,Technical
REQ0238,"2024-01-01T21:10:55",Medium,Billing
REQ0239,"04/01/2024 15:03:55",Low,Billing
REQ0240,"2024-01-24T10:04:48",Medium,Billing
REQ0241,"2024-01-31T23:18:20",High,Billing
REQ0242,"6 Feb 2024, 10:41",Medium,Billing
REQ0243,"2024-01-07T10:02:37",Medium,Billing
REQ0244,"16 Jan 2024, 15:07",Medium,Billing
REQ0245,"2024-01-13T03:58:32",Low,General
REQ0246,"Tue, 27 Feb 2024 20:28:05 GMT",Low,Technical
REQ0247,"2024-03-05T09:05:39",High,Billing
REQ0248,"6 Feb 2024, 11:32",High,General
REQ0249,"Mon, 22 Jan 2024 05:27:41 GMT",Low,General
REQ0250,"Fri, 23 Feb 2024 18:12:41 GMT",Low,Billing
REQ0251,"28 Mar 2024, 12:54",High,Technical
REQ0252,"26 Feb 2024, 10:45",High,Billing
REQ0253,"Tue, 26 Mar 2024 10:02:09 GMT",Low,Technical
REQ0254,"22/02/2024 23:24:16",High,Billing
REQ0255,"Mon, 19 Feb 2024 08:59:48 GMT",Medium,Billing
REQ0256,"2024-02-26T10:34:14",High,General
REQ0257,"10/01/2024 16:06:03",High,General
REQ0258,"07/01/2024 11:00:14",Low,Billing
REQ0259,"2024-01-20T10:28:46",Medium,General
REQ0260,"15/02/2024 01:03:35",Low,Technical
REQ0261,"25/01/2024 14:17:59",Low,Billing
REQ0262,"5 Feb 2024, 10:28",High,Billing
REQ0263,"Fri, 02 Feb 2024 16:12:39 GMT",Low,Technical
REQ0264,"2024-03-27T10:57:28",High,Technical
REQ0265,"27 Feb 2024, 15:15",Low,Billing
REQ0266,"Tue, 16 Jan 2024 05:58:43 GMT",Medium,General
REQ0267,"12/01/2024 09:26:43",Medium,Technical
REQ0268,"Thu, 29 Feb 2024 05:03:35 GMT",Low,Billing
REQ0269,"04/03/2024 10:23:02",High,Billing
REQ0270,"Tue, 19 Mar 2024 12:09:54 GMT",Medium,Billing
REQ0271,"13 Feb 2024, 17:51",High,Technical
REQ0272,"19/02/2024 15:02:28",Medium,Billing
REQ0273,"3 Jan 2024, 14:55",Medium,Billing
REQ0274,"08/01/2024 08:30:22",Low,Technical
REQ0275,"2024-02-17T14:02:19",Medium,General
REQ0276,"23 Jan 2024, 09:55",High,General
REQ0277,"28 Feb 2024, 14:12",Medium,Billing
REQ0278,"Fri, 16 Feb 2024 10:35:51 GMT",High,General
REQ0279,"Tue, 09 Jan 2024 11:10:20 GMT",Low,Billing
REQ0280,"9 Jan 2024, 16:52",Low,General
REQ0281,"10/02/2024 06:40:02",Medium,Technical
REQ0282,"Wed, 27 Mar 2024 10:56:04 GMT",Medium,General
REQ0283,"Tue, 06 Feb 2024 09:17:25 GMT",Low,Billing
REQ0284,"2024-03-14T01:04:53",Medium,General
REQ0285,"23 Mar 2024, 14:50",Medium,Technical
REQ0286,"2024-02-13T13:14:51",Low,Technical
REQ0287,"08/03/2024 09:30:04",High,General
REQ0288,"Fri, 15 Mar 2024 09:33:53 GMT",Low,General
REQ0289,"2024-01-31T09:04:41",Medium,Technical
REQ0290,"05/02/2024 10:48:13",Medium,Technical
REQ0291,"2024-01-26T06:26:45",Low,Billing
REQ0292,"25 Jan 2024, 15:40",Medium,Technical
REQ0293,"22 Mar 2024, 16:16",Medium,Technical
REQ0294,"09/01/2024 01:41:39",Low,Billing
REQ0295,"2024-03-03T09:23:39",High,Billing
REQ0296,"Tue, 16 Jan 2024 09:56:15 GMT",Medium,General
REQ0297,"28/02/2024 00:24:25",Low,General
REQ0298,"2024-02-03T06:28:07",Low,Technical
REQ0299,"2024-02-11T08:48:32",Medium,General
REQ0300,"2024-01-12T10:33:04",Medium,Billing
REQ0301,"2024-01-16T09:54:32",High,Billing
REQ0302,"15 Jan 2024, 09:06",Low,General
REQ0303,"2024-01-26T04:04:19",Low,General
REQ0304,"Mon, 04 Mar 2024 03:23:39 GMT",Low,Billing
REQ0305,"25 Mar 2024, 14:20",Low,General
REQ0306,"2024-01-09T05:27:32",Medium,General
REQ0307,"06/02/2024 04:45:09",High,Technical
REQ0308,"2024-01-31T12:38:12",Medium,Technical
REQ0309,"29 Mar 2024, 14:14",Medium,Billing
REQ0310,"2024-03-22T09:59:29",Medium,Technical
REQ0311,"2024-03-25T05:55:00",Medium,Billing
REQ0312,"2024-03-04T09:31:06",Medium,Technical
REQ0313,"11/02/2024 14:25:13",High,General
REQ0314,"2024-03-11T06:10:59",High,Technical
REQ0315,"Sun, 28 Jan 2024 01:04:57 GMT",Medium,Technical
REQ0316,"9 Feb 2024, 10:45",Low,Billing
REQ0317,"Sun, 17 Mar 2024 21:02:02 GMT",Low,General
REQ0318,"2024-01-19T06:15:43",Low,Billing
REQ0319,"2024-01-16T03:49:41",Medium,Technical
REQ0320,"2024-03-18T01:05:05",High,Billing
REQ0321,"22/02/2024 17:54:40",Low,General
REQ0322,"2024-03-01T09:28:55",Medium,Billing
REQ0323,"Thu, 07 Mar 2024 10:35:37 GMT",Medium,Billing
REQ0324,"22 Mar 2024, 10:39",Low,Billing
REQ0325,"26 Jan 2024, 15:11",Medium,General
REQ0326,"2024-03-20T03:42:41",Medium,Billing
REQ0327,"2024-03-25T04:09:55",Medium,Technical
REQ0328,"2024-02-16T09:54:29",Medium,General
REQ0329,"Mon, 12 Feb 2024 09:40:59 GMT",Medium,General
REQ0330,"2024-02-23T06:23:41",Medium,Billing
REQ0331,"16/01/2024 10:48:09",High,Billing
REQ0332,"13 Feb 2024, 10:11",Medium,Billing
REQ0333,"Fri, 15 Mar 2024 05:32:17 GMT",High,Billing
REQ0334,"20/03/2024 09:02:01",Medium,Billing
REQ0335,"2024-01-09T03:42:32",High,Billing
REQ0336,"2024-02-14T19:20:58",Medium,General
REQ0337,"2024-02-24T11:29:49",Low,Technical
REQ0338,"2024-03-28T05:20:08",Low,General
REQ0339,"2024-03-25T21:51:59",High,Technical
REQ0340,"Mon, 26 Feb 2024 05:21:58 GMT",Medium,Billing
REQ0341,"05/03/2024 14:04:18",Medium,Technical
REQ0342,"Wed, 28 Feb 2024 10:49:48 GMT",Low,Billing
REQ0343,"2024-03-30T05:43:50",High,General
REQ0344,"2024-03-12T21:42:26",High,Technical
REQ0345,"13/02/2024 11:31:34",Medium,Billing
REQ0346,"04/01/2024 16:12:49",Medium,Billing
REQ0347,"2024-03-27T03:38:42",Low,General
REQ0348,"26/02/2024 10:46:43",Medium,General
REQ0349,"2024-03-25T02:27:58",High,Billing
REQ0350,"Thu, 15 Feb 2024 09:30:35 GMT",High,General
REQ0351,"2024-02-28T02:26:23",High,General
REQ0352,"2024-01-17T03:38:25",Medium,Billing
REQ0353,"2024-02-29T13:11:51",Low,General
REQ0354,"26 Jan 2024, 16:54",Low,Billing
REQ0355,"2024-01-23T05:45:08",High,General
REQ0356,"1 Feb 2024, 06:16",High,Billing
REQ0357,"05/01/2024 11:34:19",Medium,Technical
REQ0358,"Mon, 05 Feb 2024 22:58:01 GMT",High,Billing
REQ0359,"25/03/2024 10:37:52",High,Billing
REQ0360,"2024-03-05T22:11:24",Low,Technical
REQ0361,"2024-02-05T06:10:32",Medium,Billing
REQ0362,"2024-01-19T09:30:53",High,Technical
REQ0363,"2024-01-08T10:23:16",Medium,General
REQ0364,"Mon, 01 Jan 2024 09:57:10 GMT",High,Technical
REQ0365,"2024-01-04T08:43:28",Low,Technical
REQ0366,"07/03/2024 08:08:25",Medium,Technical
REQ0367,"2024-02-21T04:58:45",Low,Technical
REQ0368,"Wed, 27 Mar 2024 19:08:11 GMT",Medium,General
REQ0369,"Sun, 18 Feb 2024 08:47:56 GMT",Medium,Technical
REQ0370,"Tue, 19 Mar 2024 18:16:07 GMT",Medium,Technical
REQ0371,"Wed, 20 Mar 2024 04:26:56 GMT",High,Technical
REQ0372,"Wed, 24 Jan 2024 05:24:55 GMT",High,General
REQ0373,"Wed, 17 Jan 2024 09:20:32 GMT",Low,General
REQ0374,"2024-01-27T11:19:51",Low,Billing
REQ0375,"2024-01-22T11:01:27",High,General
REQ0376,"6 Feb 2024, 11:05",Low,General
REQ0377,"05/03/2024 13:54:01",High,Technical
REQ0378,"2024-03-22T04:21:15",High,Billing
REQ0379,"29/02/2024 11:36:26",High,General
REQ0380,"2024-03-26T03:33:44",High,General
REQ0381,"Tue, 06 Feb 2024 11:04:21 GMT",Low,General
REQ0382,"2024-02-16T05:41:53",Low,Billing
REQ0383,"2024-03-17T06:04:32",Medium,Technical
REQ0384,"Thu, 11 Jan 2024 20:05:02 GMT",Low,General
REQ0385,"Tue, 06 Feb 2024 09:16:42 GMT",Low,Technical
REQ0386,"2024-01-02T08:59:29",Low,Technical
REQ0387,"07/03/2024 16:37:14",Low,Technical
REQ0388,"8 Feb 2024, 09:11",High,Billing
REQ0389,"2024-03-02T07:06:55",Medium,Technical
REQ0390,"2 Feb 2024, 09:26",Low,General
REQ0391,"Sun, 31 Dec 2023 20:33:58 GMT",High,Technical
REQ0392,"2024-02-19T08:09:04",Medium,General
REQ0393,"09/02/2024 15:09:08",High,General
REQ0394,"Wed, 21 Feb 2024 01:13:26 GMT",Low,Technical
REQ0395,"11/02/2024 14:21:56",Medium,Billing
REQ0396,"Tue, 27 Feb 2024 10:51:16 GMT",High,Billing
REQ0397,"Wed, 20 Mar 2024 05:05:59 GMT",Low,Technical
REQ0398,"Sun, 04 Feb 2024 05:28:14 GMT",Medium,Billing
REQ0399,"2024-03-04T20:53:08",Low,Billing
REQ0400,"13/02/2024 16:24:02",High,General
REQ0401,"2024-02-20T09:50:17",Medium,General
REQ0402,"Tue, 12 Mar 2024 04:48:15 GMT",High,Billing
REQ0403,"18 Mar 2024, 14:01",High,Technical
REQ0404,"2024-01-10T03:32:25",Low,General
REQ0405,"2024-03-25T00:22:13",Medium,Technical
REQ0406,"20/02/2024 16:07:21",High,Billing
REQ0407,"14 Feb 2024, 16:08",Low,Billing
REQ0408,"23 Jan 2024, 09:41",High,Billing
REQ0409,"Mon, 04 Mar 2024 04:53:27 GMT",Medium,General
REQ0410,"2024-03-21T03:45:13",High,General
REQ0411,"Fri, 29 Mar 2024 08:44:33 GMT",Low,Technical
REQ0412,"2024-01-04T10:43:04",High,Technical
REQ0413,"2024-03-25T10:04:31",Medium,Billing
REQ0414,"27/02/2024 09:25:28",High,General
REQ0415,"1 Feb 2024, 10:15",Medium,Billing
REQ0416,"2024-03-28T06:17:58",Medium,General
REQ0417,"Sat, 27 Jan 2024 04:33:07 GMT",Medium,General
REQ0418,"17 Jan 2024, 09:15",High,General
REQ0419,"Wed, 07 Feb 2024 14:29:10 GMT",High,Technical
REQ0420,"2 Feb 2024, 00:29",Medium,General
REQ0421,"26 Feb 2024, 02:58",Medium,General
REQ0422,"2024-02-28T11:22:36",Medium,Technical
REQ0423,"06/03/2024 07:04:24",Medium,Technical
REQ0424,"Wed, 10 Jan 2024 09:40:04 GMT",Medium,Technical
REQ0425,"Wed, 13 Mar 2024 05:33:54 GMT",High,General
REQ0426,"2024-02-14T14:58:38",High,General
REQ0427,"Fri, 29 Mar 2024 09:22:51 GMT",Medium,General
REQ0428,"11 Jan 2024, 10:26",High,Billing
REQ0429,"2024-02-05T05:18:51",High,Billing
REQ0430,"2024-01-11T09:00:42",Medium,Technical
REQ0431,"Sun, 21 Jan 2024 05:41:31 GMT",Low,Billing
REQ0432,"5 Jan 2024, 03:09",Medium,General
REQ0433,"06/03/2024 11:59:53",Medium,Billing
REQ0434,"18 Jan 2024, 15:29",Medium,General
REQ0435,"31 Jan 2024, 15:19",Low,General
REQ0436,"Sat, 13 Jan 2024 04:37:40 GMT",High,Technical
REQ0437,"15 Feb 2024, 11:07",High,Technical
REQ0438,"9 Jan 2024, 17:41",High,Billing
REQ0439,"16 Jan 2024, 03:35",High,Technical
REQ0440,"12 Feb 2024, 11:20",Low,Billing
REQ0441,"Sun, 11 Feb 2024 09:42:32 GMT",Low,Technical
REQ0442,"2024-01-24T09:03:59",Low,Technical
REQ0443,"2024-01-01T08:32:55",High,Billing
REQ0444,"09/01/2024 11:57:06",High,Billing
REQ0445,"2024-01-09T04:28:15",Low,Technical
REQ0446,"2024-02-07T23:49:56",High,Billing
REQ0447,"8 Jan 2024, 01:36",Medium,Billing
REQ0448,"2024-02-17T10:06:24",Medium,General
REQ0449,"2024-02-21T11:00:36",Low,Technical
REQ0450,"15/03/2024 15:23:00",High,Billing
REQ0451,"2024-01-12T09:10:49",Low,General
REQ0452,"2024-02-15T09:20:47",High,General
REQ0453,"2024-03-04T00:25:05",Low,Technical
REQ0454,"30 Mar 2024, 10:11",Medium,Technical
REQ0455,"13/01/2024 10:32:38",Low,Technical
REQ0456,"Tue, 06 Feb 2024 19:01:30 GMT",Low,General
REQ0457,"2024-01-03T04:19:23",Medium,General
REQ0458,"Fri, 09 Feb 2024 03:36:46 GMT",Medium,Technical
REQ0459,"Mon, 18 Mar 2024 03:50:58 GMT",High,Technical
REQ0460,"2024-02-04T04:26:03",Medium,General
REQ0461,"25 Mar 2024, 10:01",High,Technical
REQ0462,"2024-03-12T06:21:13",Low,General
REQ0463,"2024-01-22T04:39:36",Low,Billing
REQ0464,"2 Jan 2024, 02:10",Medium,General
REQ0465,"2024-02-21T01:52:23",Medium,Billing
REQ0466,"08/01/2024 16:45:08",High,Technical
REQ0467,"2024-01-19T08:32:02",High,General
REQ0468,"5 Feb 2024, 16:18",Low,Technical
REQ0469,"Wed, 27 Mar 2024 10:31:19 GMT",Low,Technical
REQ0470,"03/01/2024 16:28:29",Medium,Billing
REQ0471,"Wed, 13 Mar 2024 20:26:17 GMT",Low,General
REQ0472,"2024-03-07T05:59:26",High,General
REQ0473,"Tue, 23 Jan 2024 04:40:50 GMT",Low,Billing
REQ0474,"Sat, 30 Mar 2024 01:38:40 GMT",Medium,Billing
REQ0475,"12/03/2024 15:42:47",Low,Billing
REQ0476,"2024-03-07T10:57:07",Medium,General
REQ0477,"12/02/2024 15:45:11",Low,Billing
REQ0478,"Wed, 13 Mar 2024 03:45:25 GMT",Medium,General
REQ0479,"Tue, 16 Jan 2024 04:48:55 GMT",Low,General
REQ0480,"31 Jan 2024, 11:41",Medium,Billing
REQ0481,"2024-02-22T10:45:34",Medium,Technical
REQ0482,"27 Mar 2024, 14:53",Low,Billing
REQ0483,"Sun, 25 Feb 2024 10:33:57 GMT",Low,Technical
REQ0484,"2024-02-02T13:07:15",Low,General
REQ0485,"2024-03-05T03:53:09",High,Billing
REQ0486,"Sun, 24 Mar 2024 05:24:05 GMT",High,Technical
REQ0487,"19 Jan 2024, 21:55",High,General
REQ0488,"Wed, 07 Feb 2024 10:37:51 GMT",Low,General
REQ0489,"2024-02-09T11:04:46",Medium,Technical
REQ0490,"Fri, 08 Mar 2024 05:23:26 GMT",High,General
REQ0491,"2024-01-31T22:55:41",Medium,General
REQ0492,"Tue, 13 Feb 2024 09:14:16 GMT",Low,Billing
REQ0493,"Mon, 11 Mar 2024 09:54:21 GMT",High,Billing
REQ0494,"2024-03-25T13:39:01",Medium,Technical
REQ0495,"2024-01-10T14:20:01",High,Technical
REQ0496,"2024-01-30T09:38:26",Medium,Billing
REQ0497,"2024-01-09T11:05:56",Medium,Technical
REQ0498,"2024-02-09T08:43:58",Medium,General
REQ0499,"16 Feb 2024, 11:19",High,Billing
REQ0500,"2024-01-03T13:50:06",Low,Billing
REQ0501,"2024-03-19T05:59:29",High,Billing
REQ0502,"23/02/2024 12:25:13",Medium,Technical
REQ0503,"2024-02-13T16:26:39",High,Technical
REQ0504,"2024-01-19T15:25:40",Medium,Billing
REQ0505,"Tue, 02 Jan 2024 06:28:41 GMT",Low,Technical
REQ0506,"Fri, 23 Feb 2024 11:13:28 GMT",Low,Technical
REQ0507,"26/02/2024 11:25:48",Medium,Billing
REQ0508,"4 Mar 2024, 16:51",High,Billing
REQ0509,"Wed, 13 Mar 2024 07:51:46 GMT",Low,General
REQ0510,"Sat, 03 Feb 2024 08:59:10 GMT",Medium,General
REQ0511,"16/02/2024 16:43:52",Low,General
REQ0512,"28 Mar 2024, 08:25",Low,Billing
REQ0513,"Wed, 06 Mar 2024 11:20:02 GMT",Low,General
REQ0514,"2024-02-26T10:11:35",Low,General
REQ0515,"Thu, 11 Jan 2024 11:34:58 GMT",High,Technical
REQ0516,"Tue, 09 Jan 2024 04:18:38 GMT",Low,General
REQ0517,"2024-02-10T09:14:10",Medium,Technical
REQ0518,"30 Jan 2024, 10:43",High,General
REQ0519,"06/03/2024 10:55:18",Low,General
REQ0520,"Wed, 10 Jan 2024 20:04:16 GMT",Low,Billing
REQ0521,"23 Jan 2024, 22:50",High,Billing
REQ0522,"2024-01-23T05:26:35",Medium,General
REQ0523,"22/02/2024 19:52:51",High,Technical
REQ0524,"2024-01-05T11:03:39",High,Technical
REQ0525,"2024-03-07T10:24:35",High,Billing
REQ0526,"Mon, 12 Feb 2024 11:09:32 GMT",Medium,Technical
REQ0527,"2024-03-03T17:44:19",Medium,Technical
REQ0528,"2024-02-08T06:07:05",High,Technical
REQ0529,"Thu, 21 Mar 2024 03:29:23 GMT",High,General
REQ0530,"29/01/2024 14:14:50",Low,General
REQ0531,"23/01/2024 10:41:01",Low,Billing